Obst & Gemüse	Frische & Kühlung	Fleisch und Fisch	Tiefkühlung	Süß & Salzig	Backwaren	Vorratskammer 	Getränke	Hygiene & Haushaltswaren
Apfel	Frischkäse	Salami	Eis	Chips	Brot	Nudeln	Cola	Klarspüler 
Äpfel	Käse	Wurst	Eiswürfel	Schoko	Vollkornbrot	Reis	Kola	Spüli
Avocado	Gouda	Frikadelle	Iglo	Schokolade	Brötchen	Spaghetti	Fanta	Schwamm
Banane	Edamer 	Prosciutto	tiefkühl	Country	Baguette	Penne	Limo	Spülmittel
Heidelbeere	Brie	Schinken	Fischstäbchen	Knoppers	Aufbackbrötchen	Spätzle	Limonade	Lappen
Blaubeere	Camembert 	Hähnchenbrust	Windbeutel	Lorenz	Toast	Tortellini 	Corona	Toilettenpapier 
Cherrytomate	Eier	Wiener	Pizza	Crossies	Donut	Apfelmuß	Pils	Reiniger
Tomaten	Parmesan	Hackfleisch	Rahmspinat	Pringles	Donuts	Mehl	Wein	Zewa
Rispentomate	Smoothie	Putenbrust	Schlemmerfilet	Tuc 	Croissant 	Zucker	Rum	Taschentücher 
Birne	Almette	Filet	Margherita 	Lachgummi	Knäckebrot 	Reiswaffeln	Whiskey	Zahnpasta
Blumenkohl	Philadelphia 	Brust	Gemüsepfanne	Gummibärchen 	Apfeltasche	Taco	Wasser	Badesalz
Kohl	Kofu	Mortadella	Backofenfisch	Nimm2	Franzbrötchen	Wraps	Sprudelwasser	Mülltüten
Beere	Tofu	Schnitzel	Donauwelle	Bueno	Buns	Maiswaffel	Mineralwasser	Tütel
Brokkoli	Mozzarella	Burger	Schlemmer 	Neapolitaner	Brioche	Zwieback 	Mate	Beutel
Broccoli	Grana Padano	Patty	Ben & Jerry	Haselnussschnitte	Kuchen	Gewürzgurken	Bier	Kondome
Brombeere	Schupfnudeln	Parties	Erbsen	Funny-frisch	Torte	Passierte	Radler	Gleitgel
Champignon	Gnocchi	Bifi 	Häagen-Dazs	Apfelringe	Toastie	Geschälte	Sprite	Creme
Tomate	Cheddar	Bacon	Waldbeeren	Milka	Milchbrötchen	Gehackte	7up	Nagellack
Erdbeere	Hafermilch	Chicken	Pommes	Doppelkeks	Rosinenstuten	Apfelmus	Schorle	Tampons
Ingwer	Milch	Meat 	Flammkuchen	Keks	Stulle	Stückige	Apfelschorle 	Binden
Karotte	Soyadrink	Bruzzzler	Magnum	Prinzenrolle	Semmel	Tomaten	Saft	Slipeinlagen
Möhre	Mandeldrink	Würstchen	Ice	Bugles	Schokobrötchen	Mais	Sirup	Schminktücher
Kartoffel	H-Milch	Hack	Cornetto 	Lays	Pita	Getrocknete	Sekt	Lippenstift
Knoblauch	Joghurt	Gyros	Tiefgefroren	Lay's	Sandwich	Apfelmark	Alkoholfrei	Shampoo
Zwiebel	Creme fraiche	Teewurst	Frühlingsrollen	Chupa chups	Ciabatta 	Kokosmilch 		Seife
Kohlrabi	Flammkuchenteig	Lachs	Frites 	Lutscher	Pumpernickel	Kichererbsen		Spülung
Lauch	Pizzateig	Weißwurst	Ofenfrische	Milky way	Schweinsohr	Bohne		Kamm
Wassermelone	Blätterteig	Würste	Kaisergemüse	Mars	Mandelhörnchen	Eintopf		Bürste
Melone	Saint Albray	Nürnberger	Herzogin	Twix		Tomatensauce		Schminke
Nektarine	Feta	Thüringer	Buttergemüse	Oreo		Thunfisch		Nagelschere
Paprika	Butter	Frankfurter	Nuggets	Bahlsen		Kidney 		Nagelpfeile
Pfirsich	Old Amsterdam 	Pommersche	6-Kräuter	Kinderriegel		Kapern		Gesichtswasser
Plattpfirsich	Brotaufstrich 	Lyoner	Paella	Biscuit		Cornichon		
Salat	Aufstrich	Speck	Flammkuchen	Cookies		Olive		
Gurke	Sahne	Forelle	Königsgemüse	Pistazien		Dose		
Zitrone	Tortellini	Garnele	Piccolinis 	Erdnüsse		Schattenmorelle		
Limette	Geramont	Gamba 	Kroketten	Celebrations		Geschälte		
Zucchini	Schmelzkäse	Braten	Prawns	Nicnac		Terrine		
Radieschen	Quark	Corned Beef	Backfisch	Choking		Mark		
Rucola 	Pudding	Hähnchen	Rahmgemüse	Riegel		Mus		
Traube	Skyr	Döner	Tintenfischringe	Salzstange		Erbsen		
Weintraube	Grillkäse	Serrano	Sorbet	Yogurette		Kartoffel		
Kiwi	Pfannenkäse	Fleisch	dough	Cracker		Sauerkraut		
Süßkartoffel	Schafskäse	Chorizo 	Rösti	Erdnussflips		Rotkohl		
Aubergine 	Fol epi	Kabanos 	Kartoffelpuffer	Flips		Linsen		
Suppengrün	Babybel	Braten	Kartoffeltaschen	Erdnusslocken		Eingelegt		
Mango	Cremefine 	Salsiccia	Apfelstrudel	Butterkeks		Suppe		
Nektarine	Quicheteig	Steak		Hanuta		Bambussprossen		
Aprikose	Tartteig	Wings		Duplo		Rollmops		
Granatapfel	Milchschnitte	Geschnetzeltes		Lion		Artischokenherz		
Petersilie	Schmand	Cevapcici 		Goldbären		Silberzwiebeln 		
Honigmelone	Paula	Geillfackeln		Katjes		Letscho		
Cantaloupemelone	Burrata	Kasseler		Daim		Bierwurst		
Sellerie	Almighurt	Keule		Haribo		Maggi		
Staudensellerie	Sandwichscheiben	Eisbein		Phantasia 		Roulade		
Orange	Maultaschen	Patties 		Color-rado		Brühe		
Koriander	Pingui	Entrecote 		Toblerone		Hollandaise		
Physalis	Parmigiano	Rippe		Soft cake		Soße		
Minze	Froop 	Rippchen		Toffifee		Bolognese 		
Romanaherzen	Grütze	Pulled pork		Tortilla chips		Pesto		
Chicoree	Halloumi	Medaillons		Pick up!		Fond		
Fenchel	Grand Dessert	Ribs		Pombär		Sauce		
Himbeere	Maasdamer	Schenkel		Praline		Röstzwiebel		
Dattel	Kaergarden	Seitan		Mikado		Salz		
Basilikum	Grünländer	Ochse		Käsebällchen		Curry		
Schalotte	Sylter	Kotelett		Manner		Würze		
Spinat	Maxi King	Pulled		After eight		Edelsüß		
Spitzkohl	Zaziki 	Flügel		Studentenfutter		Pfeffer		
Kaiserschote	Aioli	Scampi		Dickmann		Rosenscharf		
Schote	Sour Cream	kabeljau		Balisto		Lorbeerblatt 		
Zuckerschote	Emmentaler	thunfisch		Maoam 		Lorbeerblätter 		
Maiskolben	Tilsiter			Lakritz		Backerbsen		
Dill	Choco Fresh			Kaugummi		Bouillon 		
Ananas	Creme Vega			Saure pommes		Oregano		
Passionsfrucht	Monte			Lotus biscoff		Gemahlen 		
Kresse	Hummus			Snickers		Granuliert		
Pak choi	Kefir			Merci		Knoblauchsauce 		
Seitling	Fleischsalat 			Rocher		Bechamel		
Pastinake 	Eiersalat			Raffaello		Gerebelt		
Johannisbeere	Lassi 			Smarties		Zimt		
Chili	Hafer-Soja			Waffel		Kümmel		
Grapefruit	Margarine			Ritz		Chilifloken		
Rote Beete	Mousse au Chocolat			Studentenfutter		Mondamin		
Bohne 	Krautsalat			Zartbitter		Speisestärke		
Bruchbohne	Kartoffelsalat			Russisch brot		Saucenbinder		
Pinienkerne	Latte			Popcorn 		Kräuterlinge		
Kokosnuss	Latte Macchiato			Spritzgebäck		Thymian		
Kokos-Chips	Kochcreme			Nugat		Muskatnuss		
Sonnenblumenkerne	Thunfischsalat			Happy hippo		Majoran		
Papaya	Kräuterbaguette			Riesen		Kurkuma		
Rosmarin	Knoblauchbaguette			Erfrischungsstäbchen		Mehlschwitze		
Schnittlauch	Joghurtalternative			Cantuccini		Provence		
Thymian	Milchalternative			Kitkat		Sel		
Pilz	Leerdammer			Goldfischli		Basilikum		
Austernpilz	Creme legere			Giotto		Masala		
Kürbiskern	Gruyere			Balla-balla		Rosenpaprika		
Pflaume	Haferdrink			Knusperflocken		Koriander		
Pinienkern	Gorgonzola			Ritter sport		Rosmarin		
Sprossen	Hummus			Bonbon		Hefeflocken		
Blumenkohl 	Falaffelbällchen			Käsestangen		Safran		
Feige	Alpro 			Ricola		Estragon		
Edamame	Zaziki			Doritos		Öl		
Korinthen	Harzer			Marshmallow 		Essig		
Cranberry	Hirtenkäse			Airwaves		Balsamico 		
Cranberries	Kiri			M&M		Kardamom		
Kirsche	Erbsendrink			Lindt		Hanout		
Sultaninen 	Sauerkrautsalat			Esspapier		Nelke		
Nuss	ricotta			Ufos		Tandoori		
Radicchio				Küsschen		Bohnenkraut 		
Gojibeere				Dextro		Liebstöckel 		
Kokos				Amarettini		Piment		
Obst				Schogette		Kerbel		
Gemüse				Zwiebelringe		Sojasauce 		
Suppengemüse				Vitalgebäck		Tonkabohne		
Lychee				Grissini		Anis		
pfifferling				Konfekt		Gewürz		
porree				Brause		Massala		
Hokkaido 				Mentos		Hefe		
Kürbis				Weingummi		Agavendicksaft		
Butternut 				Maltesers		Oblaten		
Rote Beete				Sallos		Puddingpulver		
spargel				Tic tac		Vanille		
Artischocke				Minibrezel		Backin		
				Pez		Backpulver		
				Nachos		Pulver		
						Kakao		
						Kaffee		
						Milchreis		
						Ahornsirup		
						Gehobelt		
						Sahnesteif		
						Streusel		
						Tortenguss		
						Gestiftelt		
						Raspel		
						Kuvertüre		
						Paradiscreme		
						Paradis-creme		
						Backmischung		
						Goldsaft		
						Zuckerrübensirup		
						Natron		
						Backsoda		
						Gehackt		
						Glasur		
						Xylit		
						Stevia		
						Gelatine		
						Erythrit		
						Marzipan		
						Agar		
						Streusel		
						Aroma		
						Quarkfein		
						Lebensmittelfarbe		
						Speisefarbe		
						Süßstoff		
						Nibs 		
						Flohsamenschale		
						Zuckerschrift		
						Fondant		
						Grieß		
						Polenta		
						Kandis		
						Kakao		
						Raspeln		
						Orangeat		
						Citronat		
						Nutella		
						Marmelade		
						Fruchtaufstrich		
						Honig		
						Konfitüre		
						Erdnussbutter 		
						Gelee		
						Nusspli		
						Aufstrich		
						Streichcreme		
						Eszet		
						Müsli		
						Haferflocken		
						Porridge		
						Toppas		
						Fruitloops		
						Honey		
						Cornflakes		
						Smacks		
						Cerealien		
						Knusper		
						Wheats		
						Flakes		
						Corny		
						Nesquik		
						Haferkleie		
						Koawach		
						Basmati		
						Langkorn		
						Spaghetti		
						Penne		
						Fusilli		
						Pasta		
						Lasagne		
						Farfalle		
						Tagliatelle		
						Hörnchen		
						Spirelli		
						Rigate		
						Spätzle		
						Nudeln		
						Maccronelli		
						Maccaroni		
						Linguine		
						Mie		
						Couscous		
						Hirse		
						Bulgur		
						Reispapier 		
						Mayonnaise 		
						Mayo		
						Sushireis		
						Senf 		
						salbe		
						Kokosmilch 		
						Remoulade		
						harissa		
						Orangat 		
						Zitronat		
						Meerrettich		
						Tabasco		
						Samba		
						Ghee		
						Weizenschrot		
						Sesamöl		
						Öl		
						Rosinen		